IUCR_Code,IUCR_cat,HOURLYTemp,ID-count
1,HOMICIDE,-6,1
1,HOMICIDE,-5,2
1,HOMICIDE,-3,1
1,HOMICIDE,-2,3
1,HOMICIDE,1,5
1,HOMICIDE,2,3
1,HOMICIDE,3,5
1,HOMICIDE,4,1
1,HOMICIDE,6,3
1,HOMICIDE,7,4
1,HOMICIDE,8,2
1,HOMICIDE,9,2
1,HOMICIDE,10,4
1,HOMICIDE,11,4
1,HOMICIDE,12,2
1,HOMICIDE,13,4
1,HOMICIDE,14,5
1,HOMICIDE,15,5
1,HOMICIDE,16,5
1,HOMICIDE,17,7
1,HOMICIDE,18,11
1,HOMICIDE,19,12
1,HOMICIDE,20,10
1,HOMICIDE,21,20
1,HOMICIDE,22,13
1,HOMICIDE,23,6
1,HOMICIDE,24,14
1,HOMICIDE,25,11
1,HOMICIDE,26,17
1,HOMICIDE,27,12
1,HOMICIDE,28,18
1,HOMICIDE,29,20
1,HOMICIDE,30,31
1,HOMICIDE,31,29
1,HOMICIDE,32,33
1,HOMICIDE,33,20
1,HOMICIDE,34,25
1,HOMICIDE,35,42
1,HOMICIDE,36,21
1,HOMICIDE,37,30
1,HOMICIDE,38,38
1,HOMICIDE,39,29
1,HOMICIDE,40,31
1,HOMICIDE,41,17
1,HOMICIDE,42,31
1,HOMICIDE,43,23
1,HOMICIDE,44,32
1,HOMICIDE,45,21
1,HOMICIDE,46,31
1,HOMICIDE,47,20
1,HOMICIDE,48,27
1,HOMICIDE,49,18
1,HOMICIDE,50,34
1,HOMICIDE,51,14
1,HOMICIDE,52,32
1,HOMICIDE,53,32
1,HOMICIDE,54,26
1,HOMICIDE,55,28
1,HOMICIDE,56,40
1,HOMICIDE,57,39
1,HOMICIDE,58,31
1,HOMICIDE,59,33
1,HOMICIDE,60,32
1,HOMICIDE,61,34
1,HOMICIDE,62,32
1,HOMICIDE,63,57
1,HOMICIDE,64,48
1,HOMICIDE,65,47
1,HOMICIDE,66,40
1,HOMICIDE,67,46
1,HOMICIDE,68,49
1,HOMICIDE,69,50
1,HOMICIDE,70,43
1,HOMICIDE,71,38
1,HOMICIDE,72,47
1,HOMICIDE,73,53
1,HOMICIDE,74,58
1,HOMICIDE,75,36
1,HOMICIDE,76,34
1,HOMICIDE,77,31
1,HOMICIDE,78,28
1,HOMICIDE,79,33
1,HOMICIDE,80,17
1,HOMICIDE,81,19
1,HOMICIDE,82,18
1,HOMICIDE,83,14
1,HOMICIDE,84,15
1,HOMICIDE,85,8
1,HOMICIDE,86,8
1,HOMICIDE,87,5
1,HOMICIDE,88,11
1,HOMICIDE,89,9
1,HOMICIDE,90,6
1,HOMICIDE,91,2
1,HOMICIDE,92,1
1,HOMICIDE,93,2
1,HOMICIDE,94,1
2,CRIM SEXUAL ASSAULT,-10,1
2,CRIM SEXUAL ASSAULT,-8,1
2,CRIM SEXUAL ASSAULT,-7,1
2,CRIM SEXUAL ASSAULT,-6,2
2,CRIM SEXUAL ASSAULT,-5,2
2,CRIM SEXUAL ASSAULT,-4,3
2,CRIM SEXUAL ASSAULT,-3,3
2,CRIM SEXUAL ASSAULT,-2,1
2,CRIM SEXUAL ASSAULT,-1,7
2,CRIM SEXUAL ASSAULT,0,12
2,CRIM SEXUAL ASSAULT,1,6
2,CRIM SEXUAL ASSAULT,2,9
2,CRIM SEXUAL ASSAULT,3,8
2,CRIM SEXUAL ASSAULT,4,6
2,CRIM SEXUAL ASSAULT,5,10
2,CRIM SEXUAL ASSAULT,6,8
2,CRIM SEXUAL ASSAULT,7,9
2,CRIM SEXUAL ASSAULT,8,13
2,CRIM SEXUAL ASSAULT,9,12
2,CRIM SEXUAL ASSAULT,10,5
2,CRIM SEXUAL ASSAULT,11,7
2,CRIM SEXUAL ASSAULT,12,17
2,CRIM SEXUAL ASSAULT,13,22
2,CRIM SEXUAL ASSAULT,14,9
2,CRIM SEXUAL ASSAULT,15,17
2,CRIM SEXUAL ASSAULT,16,9
2,CRIM SEXUAL ASSAULT,17,66
2,CRIM SEXUAL ASSAULT,18,27
2,CRIM SEXUAL ASSAULT,19,29
2,CRIM SEXUAL ASSAULT,20,29
2,CRIM SEXUAL ASSAULT,21,23
2,CRIM SEXUAL ASSAULT,22,11
2,CRIM SEXUAL ASSAULT,23,59
2,CRIM SEXUAL ASSAULT,24,59
2,CRIM SEXUAL ASSAULT,25,32
2,CRIM SEXUAL ASSAULT,26,35
2,CRIM SEXUAL ASSAULT,27,44
2,CRIM SEXUAL ASSAULT,28,50
2,CRIM SEXUAL ASSAULT,29,55
2,CRIM SEXUAL ASSAULT,30,79
2,CRIM SEXUAL ASSAULT,31,65
2,CRIM SEXUAL ASSAULT,32,73
2,CRIM SEXUAL ASSAULT,33,89
2,CRIM SEXUAL ASSAULT,34,79
2,CRIM SEXUAL ASSAULT,35,77
2,CRIM SEXUAL ASSAULT,36,73
2,CRIM SEXUAL ASSAULT,37,97
2,CRIM SEXUAL ASSAULT,38,72
2,CRIM SEXUAL ASSAULT,39,68
2,CRIM SEXUAL ASSAULT,40,72
2,CRIM SEXUAL ASSAULT,41,77
2,CRIM SEXUAL ASSAULT,42,67
2,CRIM SEXUAL ASSAULT,43,65
2,CRIM SEXUAL ASSAULT,44,83
2,CRIM SEXUAL ASSAULT,45,80
2,CRIM SEXUAL ASSAULT,46,73
2,CRIM SEXUAL ASSAULT,47,80
2,CRIM SEXUAL ASSAULT,48,79
2,CRIM SEXUAL ASSAULT,49,50
2,CRIM SEXUAL ASSAULT,50,51
2,CRIM SEXUAL ASSAULT,51,56
2,CRIM SEXUAL ASSAULT,52,55
2,CRIM SEXUAL ASSAULT,53,59
2,CRIM SEXUAL ASSAULT,54,53
2,CRIM SEXUAL ASSAULT,55,62
2,CRIM SEXUAL ASSAULT,56,54
2,CRIM SEXUAL ASSAULT,57,76
2,CRIM SEXUAL ASSAULT,58,54
2,CRIM SEXUAL ASSAULT,59,67
2,CRIM SEXUAL ASSAULT,60,103
2,CRIM SEXUAL ASSAULT,61,95
2,CRIM SEXUAL ASSAULT,62,68
2,CRIM SEXUAL ASSAULT,63,84
2,CRIM SEXUAL ASSAULT,64,100
2,CRIM SEXUAL ASSAULT,65,122
2,CRIM SEXUAL ASSAULT,66,90
2,CRIM SEXUAL ASSAULT,67,115
2,CRIM SEXUAL ASSAULT,68,117
2,CRIM SEXUAL ASSAULT,69,108
2,CRIM SEXUAL ASSAULT,70,116
2,CRIM SEXUAL ASSAULT,71,97
2,CRIM SEXUAL ASSAULT,72,112
2,CRIM SEXUAL ASSAULT,73,87
2,CRIM SEXUAL ASSAULT,74,71
2,CRIM SEXUAL ASSAULT,75,55
2,CRIM SEXUAL ASSAULT,76,65
2,CRIM SEXUAL ASSAULT,77,66
2,CRIM SEXUAL ASSAULT,78,57
2,CRIM SEXUAL ASSAULT,79,35
2,CRIM SEXUAL ASSAULT,80,46
2,CRIM SEXUAL ASSAULT,81,37
2,CRIM SEXUAL ASSAULT,82,38
2,CRIM SEXUAL ASSAULT,83,21
2,CRIM SEXUAL ASSAULT,84,19
2,CRIM SEXUAL ASSAULT,85,11
2,CRIM SEXUAL ASSAULT,86,15
2,CRIM SEXUAL ASSAULT,87,14
2,CRIM SEXUAL ASSAULT,88,16
2,CRIM SEXUAL ASSAULT,89,7
2,CRIM SEXUAL ASSAULT,90,5
2,CRIM SEXUAL ASSAULT,91,4
2,CRIM SEXUAL ASSAULT,92,3
2,CRIM SEXUAL ASSAULT,93,1
2,CRIM SEXUAL ASSAULT,94,1
3,ROBBERY,-10,1
3,ROBBERY,-8,2
3,ROBBERY,-7,14
3,ROBBERY,-6,11
3,ROBBERY,-5,14
3,ROBBERY,-4,6
3,ROBBERY,-3,20
3,ROBBERY,-2,23
3,ROBBERY,-1,32
3,ROBBERY,0,26
3,ROBBERY,1,59
3,ROBBERY,2,89
3,ROBBERY,3,60
3,ROBBERY,4,109
3,ROBBERY,5,78
3,ROBBERY,6,69
3,ROBBERY,7,81
3,ROBBERY,8,72
3,ROBBERY,9,68
3,ROBBERY,10,70
3,ROBBERY,11,97
3,ROBBERY,12,106
3,ROBBERY,13,108
3,ROBBERY,14,129
3,ROBBERY,15,121
3,ROBBERY,16,131
3,ROBBERY,17,150
3,ROBBERY,18,182
3,ROBBERY,19,238
3,ROBBERY,20,186
3,ROBBERY,21,205
3,ROBBERY,22,171
3,ROBBERY,23,215
3,ROBBERY,24,209
3,ROBBERY,25,281
3,ROBBERY,26,321
3,ROBBERY,27,394
3,ROBBERY,28,349
3,ROBBERY,29,361
3,ROBBERY,30,500
3,ROBBERY,31,565
3,ROBBERY,32,675
3,ROBBERY,33,557
3,ROBBERY,34,645
3,ROBBERY,35,545
3,ROBBERY,36,603
3,ROBBERY,37,637
3,ROBBERY,38,650
3,ROBBERY,39,569
3,ROBBERY,40,683
3,ROBBERY,41,564
3,ROBBERY,42,535
3,ROBBERY,43,535
3,ROBBERY,44,518
3,ROBBERY,45,556
3,ROBBERY,46,518
3,ROBBERY,47,542
3,ROBBERY,48,541
3,ROBBERY,49,451
3,ROBBERY,50,549
3,ROBBERY,51,398
3,ROBBERY,52,445
3,ROBBERY,53,449
3,ROBBERY,54,413
3,ROBBERY,55,466
3,ROBBERY,56,460
3,ROBBERY,57,542
3,ROBBERY,58,417
3,ROBBERY,59,508
3,ROBBERY,60,614
3,ROBBERY,61,570
3,ROBBERY,62,535
3,ROBBERY,63,646
3,ROBBERY,64,596
3,ROBBERY,65,721
3,ROBBERY,66,650
3,ROBBERY,67,794
3,ROBBERY,68,749
3,ROBBERY,69,699
3,ROBBERY,70,722
3,ROBBERY,71,671
3,ROBBERY,72,656
3,ROBBERY,73,690
3,ROBBERY,74,632
3,ROBBERY,75,540
3,ROBBERY,76,515
3,ROBBERY,77,522
3,ROBBERY,78,446
3,ROBBERY,79,375
3,ROBBERY,80,392
3,ROBBERY,81,309
3,ROBBERY,82,352
3,ROBBERY,83,235
3,ROBBERY,84,195
3,ROBBERY,85,181
3,ROBBERY,86,170
3,ROBBERY,87,118
3,ROBBERY,88,122
3,ROBBERY,89,74
3,ROBBERY,90,74
3,ROBBERY,91,33
3,ROBBERY,92,21
3,ROBBERY,93,8
3,ROBBERY,94,11
4,BATTERY,-12,3
4,BATTERY,-10,1
4,BATTERY,-9,5
4,BATTERY,-8,25
4,BATTERY,-7,61
4,BATTERY,-6,59
4,BATTERY,-5,50
4,BATTERY,-4,53
4,BATTERY,-3,78
4,BATTERY,-2,105
4,BATTERY,-1,146
4,BATTERY,0,205
4,BATTERY,1,263
4,BATTERY,2,299
4,BATTERY,3,272
4,BATTERY,4,411
4,BATTERY,5,266
4,BATTERY,6,285
4,BATTERY,7,356
4,BATTERY,8,268
4,BATTERY,9,281
4,BATTERY,10,332
4,BATTERY,11,430
4,BATTERY,12,379
4,BATTERY,13,505
4,BATTERY,14,528
4,BATTERY,15,549
4,BATTERY,16,594
4,BATTERY,17,691
4,BATTERY,18,746
4,BATTERY,19,1039
4,BATTERY,20,865
4,BATTERY,21,866
4,BATTERY,22,583
4,BATTERY,23,870
4,BATTERY,24,1055
4,BATTERY,25,1153
4,BATTERY,26,1297
4,BATTERY,27,1489
4,BATTERY,28,1533
4,BATTERY,29,1685
4,BATTERY,30,2147
4,BATTERY,31,2334
4,BATTERY,32,2565
4,BATTERY,33,2487
4,BATTERY,34,2593
4,BATTERY,35,2289
4,BATTERY,36,2352
4,BATTERY,37,2409
4,BATTERY,38,2559
4,BATTERY,39,2692
4,BATTERY,40,2628
4,BATTERY,41,2283
4,BATTERY,42,2255
4,BATTERY,43,2219
4,BATTERY,44,2315
4,BATTERY,45,2398
4,BATTERY,46,2454
4,BATTERY,47,2369
4,BATTERY,48,2407
4,BATTERY,49,2002
4,BATTERY,50,2640
4,BATTERY,51,1955
4,BATTERY,52,2133
4,BATTERY,53,2159
4,BATTERY,54,1970
4,BATTERY,55,2166
4,BATTERY,56,2253
4,BATTERY,57,2559
4,BATTERY,58,1964
4,BATTERY,59,2383
4,BATTERY,60,2725
4,BATTERY,61,2416
4,BATTERY,62,2469
4,BATTERY,63,2799
4,BATTERY,64,2732
4,BATTERY,65,3270
4,BATTERY,66,2976
4,BATTERY,67,3485
4,BATTERY,68,3627
4,BATTERY,69,3164
4,BATTERY,70,3685
4,BATTERY,71,3319
4,BATTERY,72,3320
4,BATTERY,73,3294
4,BATTERY,74,3226
4,BATTERY,75,2743
4,BATTERY,76,2664
4,BATTERY,77,2753
4,BATTERY,78,2360
4,BATTERY,79,2114
4,BATTERY,80,2204
4,BATTERY,81,1791
4,BATTERY,82,1794
4,BATTERY,83,1193
4,BATTERY,84,1095
4,BATTERY,85,1050
4,BATTERY,86,838
4,BATTERY,87,599
4,BATTERY,88,660
4,BATTERY,89,419
4,BATTERY,90,352
4,BATTERY,91,245
4,BATTERY,92,121
4,BATTERY,93,49
4,BATTERY,94,42
4,BATTERY,95,11
6,ASSAULT,-10,1
6,ASSAULT,-9,1
6,ASSAULT,-8,2
6,ASSAULT,-7,13
6,ASSAULT,-6,7
6,ASSAULT,-5,18
6,ASSAULT,-4,15
6,ASSAULT,-3,9
6,ASSAULT,-2,32
6,ASSAULT,-1,29
6,ASSAULT,0,56
6,ASSAULT,1,92
6,ASSAULT,2,91
6,ASSAULT,3,99
6,ASSAULT,4,146
6,ASSAULT,5,98
6,ASSAULT,6,97
6,ASSAULT,7,125
6,ASSAULT,8,93
6,ASSAULT,9,97
6,ASSAULT,10,150
6,ASSAULT,11,167
6,ASSAULT,12,136
6,ASSAULT,13,203
6,ASSAULT,14,203
6,ASSAULT,15,198
6,ASSAULT,16,187
6,ASSAULT,17,252
6,ASSAULT,18,260
6,ASSAULT,19,355
6,ASSAULT,20,275
6,ASSAULT,21,287
6,ASSAULT,22,210
6,ASSAULT,23,296
6,ASSAULT,24,373
6,ASSAULT,25,343
6,ASSAULT,26,410
6,ASSAULT,27,544
6,ASSAULT,28,468
6,ASSAULT,29,613
6,ASSAULT,30,736
6,ASSAULT,31,806
6,ASSAULT,32,919
6,ASSAULT,33,821
6,ASSAULT,34,916
6,ASSAULT,35,786
6,ASSAULT,36,825
6,ASSAULT,37,813
6,ASSAULT,38,894
6,ASSAULT,39,945
6,ASSAULT,40,974
6,ASSAULT,41,815
6,ASSAULT,42,704
6,ASSAULT,43,860
6,ASSAULT,44,864
6,ASSAULT,45,869
6,ASSAULT,46,830
6,ASSAULT,47,829
6,ASSAULT,48,859
6,ASSAULT,49,749
6,ASSAULT,50,986
6,ASSAULT,51,661
6,ASSAULT,52,757
6,ASSAULT,53,789
6,ASSAULT,54,722
6,ASSAULT,55,797
6,ASSAULT,56,819
6,ASSAULT,57,967
6,ASSAULT,58,724
6,ASSAULT,59,884
6,ASSAULT,60,933
6,ASSAULT,61,755
6,ASSAULT,62,901
6,ASSAULT,63,911
6,ASSAULT,64,921
6,ASSAULT,65,1162
6,ASSAULT,66,1023
6,ASSAULT,67,1149
6,ASSAULT,68,1225
6,ASSAULT,69,1154
6,ASSAULT,70,1334
6,ASSAULT,71,1176
6,ASSAULT,72,1148
6,ASSAULT,73,1175
6,ASSAULT,74,1183
6,ASSAULT,75,1044
6,ASSAULT,76,1038
6,ASSAULT,77,1091
6,ASSAULT,78,992
6,ASSAULT,79,938
6,ASSAULT,80,953
6,ASSAULT,81,821
6,ASSAULT,82,868
6,ASSAULT,83,539
6,ASSAULT,84,518
6,ASSAULT,85,489
6,ASSAULT,86,385
6,ASSAULT,87,311
6,ASSAULT,88,309
6,ASSAULT,89,212
6,ASSAULT,90,181
6,ASSAULT,91,86
6,ASSAULT,92,64
6,ASSAULT,93,25
6,ASSAULT,94,22
6,ASSAULT,95,3
7,STALKING,-7,1
7,STALKING,-2,2
7,STALKING,-1,1
7,STALKING,0,1
7,STALKING,1,1
7,STALKING,2,1
7,STALKING,3,2
7,STALKING,5,2
7,STALKING,9,1
7,STALKING,10,1
7,STALKING,11,3
7,STALKING,13,2
7,STALKING,14,4
7,STALKING,15,1
7,STALKING,16,1
7,STALKING,17,6
7,STALKING,18,1
7,STALKING,19,4
7,STALKING,20,3
7,STALKING,21,2
7,STALKING,22,1
7,STALKING,23,5
7,STALKING,24,1
7,STALKING,25,6
7,STALKING,26,2
7,STALKING,27,8
7,STALKING,28,3
7,STALKING,29,4
7,STALKING,30,6
7,STALKING,31,4
7,STALKING,32,10
7,STALKING,33,10
7,STALKING,34,9
7,STALKING,35,6
7,STALKING,36,7
7,STALKING,37,5
7,STALKING,38,13
7,STALKING,39,9
7,STALKING,40,11
7,STALKING,41,6
7,STALKING,42,11
7,STALKING,43,8
7,STALKING,44,8
7,STALKING,45,16
7,STALKING,46,3
7,STALKING,47,10
7,STALKING,48,8
7,STALKING,49,3
7,STALKING,50,19
7,STALKING,51,3
7,STALKING,52,6
7,STALKING,53,5
7,STALKING,54,2
7,STALKING,55,7
7,STALKING,56,5
7,STALKING,57,9
7,STALKING,58,5
7,STALKING,59,8
7,STALKING,60,5
7,STALKING,61,6
7,STALKING,62,10
7,STALKING,63,8
7,STALKING,64,7
7,STALKING,65,10
7,STALKING,66,16
7,STALKING,67,16
7,STALKING,68,10
7,STALKING,69,12
7,STALKING,70,13
7,STALKING,71,8
7,STALKING,72,7
7,STALKING,73,17
7,STALKING,74,13
7,STALKING,75,8
7,STALKING,76,8
7,STALKING,77,4
7,STALKING,78,9
7,STALKING,79,10
7,STALKING,80,6
7,STALKING,81,14
7,STALKING,82,7
7,STALKING,83,2
7,STALKING,84,1
7,STALKING,85,5
7,STALKING,86,5
7,STALKING,87,3
7,STALKING,89,3
7,STALKING,90,1
7,STALKING,91,2
7,STALKING,92,2
7,STALKING,93,1
8,BURGLARY,-10,5
8,BURGLARY,-9,2
8,BURGLARY,-8,3
8,BURGLARY,-7,9
8,BURGLARY,-6,14
8,BURGLARY,-5,4
8,BURGLARY,-4,10
8,BURGLARY,-3,18
8,BURGLARY,-2,34
8,BURGLARY,-1,39
8,BURGLARY,0,54
8,BURGLARY,1,69
8,BURGLARY,2,68
8,BURGLARY,3,88
8,BURGLARY,4,82
8,BURGLARY,5,105
8,BURGLARY,6,53
8,BURGLARY,7,99
8,BURGLARY,8,77
8,BURGLARY,9,79
8,BURGLARY,10,96
8,BURGLARY,11,99
8,BURGLARY,12,116
8,BURGLARY,13,133
8,BURGLARY,14,171
8,BURGLARY,15,118
8,BURGLARY,16,186
8,BURGLARY,17,197
8,BURGLARY,18,211
8,BURGLARY,19,277
8,BURGLARY,20,238
8,BURGLARY,21,211
8,BURGLARY,22,216
8,BURGLARY,23,207
8,BURGLARY,24,341
8,BURGLARY,25,322
8,BURGLARY,26,363
8,BURGLARY,27,439
8,BURGLARY,28,404
8,BURGLARY,29,486
8,BURGLARY,30,557
8,BURGLARY,31,625
8,BURGLARY,32,754
8,BURGLARY,33,621
8,BURGLARY,34,675
8,BURGLARY,35,617
8,BURGLARY,36,632
8,BURGLARY,37,689
8,BURGLARY,38,694
8,BURGLARY,39,680
8,BURGLARY,40,769
8,BURGLARY,41,631
8,BURGLARY,42,579
8,BURGLARY,43,680
8,BURGLARY,44,642
8,BURGLARY,45,611
8,BURGLARY,46,638
8,BURGLARY,47,603
8,BURGLARY,48,619
8,BURGLARY,49,549
8,BURGLARY,50,724
8,BURGLARY,51,519
8,BURGLARY,52,548
8,BURGLARY,53,576
8,BURGLARY,54,516
8,BURGLARY,55,576
8,BURGLARY,56,598
8,BURGLARY,57,668
8,BURGLARY,58,440
8,BURGLARY,59,680
8,BURGLARY,60,723
8,BURGLARY,61,600
8,BURGLARY,62,614
8,BURGLARY,63,665
8,BURGLARY,64,676
8,BURGLARY,65,784
8,BURGLARY,66,729
8,BURGLARY,67,809
8,BURGLARY,68,797
8,BURGLARY,69,846
8,BURGLARY,70,887
8,BURGLARY,71,823
8,BURGLARY,72,829
8,BURGLARY,73,856
8,BURGLARY,74,793
8,BURGLARY,75,682
8,BURGLARY,76,691
8,BURGLARY,77,679
8,BURGLARY,78,658
8,BURGLARY,79,608
8,BURGLARY,80,583
8,BURGLARY,81,476
8,BURGLARY,82,507
8,BURGLARY,83,356
8,BURGLARY,84,298
8,BURGLARY,85,339
8,BURGLARY,86,230
8,BURGLARY,87,216
8,BURGLARY,88,154
8,BURGLARY,89,111
8,BURGLARY,90,96
8,BURGLARY,91,56
8,BURGLARY,92,26
8,BURGLARY,93,11
8,BURGLARY,94,9
9,THEFT,-12,3
9,THEFT,-9,4
9,THEFT,-8,12
9,THEFT,-7,27
9,THEFT,-6,39
9,THEFT,-5,44
9,THEFT,-4,30
9,THEFT,-3,70
9,THEFT,-2,107
9,THEFT,-1,142
9,THEFT,0,137
9,THEFT,1,247
9,THEFT,2,306
9,THEFT,3,332
9,THEFT,4,501
9,THEFT,5,326
9,THEFT,6,330
9,THEFT,7,412
9,THEFT,8,338
9,THEFT,9,295
9,THEFT,10,406
9,THEFT,11,541
9,THEFT,12,449
9,THEFT,13,607
9,THEFT,14,714
9,THEFT,15,582
9,THEFT,16,710
9,THEFT,17,885
9,THEFT,18,968
9,THEFT,19,1229
9,THEFT,20,942
9,THEFT,21,1045
9,THEFT,22,825
9,THEFT,23,980
9,THEFT,24,1298
9,THEFT,25,1315
9,THEFT,26,1414
9,THEFT,27,1779
9,THEFT,28,1778
9,THEFT,29,2072
9,THEFT,30,2480
9,THEFT,31,2753
9,THEFT,32,3223
9,THEFT,33,2926
9,THEFT,34,2843
9,THEFT,35,2777
9,THEFT,36,2730
9,THEFT,37,2956
9,THEFT,38,3150
9,THEFT,39,3301
9,THEFT,40,3398
9,THEFT,41,3043
9,THEFT,42,2516
9,THEFT,43,2810
9,THEFT,44,2763
9,THEFT,45,2900
9,THEFT,46,2931
9,THEFT,47,2922
9,THEFT,48,2917
9,THEFT,49,2489
9,THEFT,50,3038
9,THEFT,51,2244
9,THEFT,52,2532
9,THEFT,53,2576
9,THEFT,54,2222
9,THEFT,55,2422
9,THEFT,56,2653
9,THEFT,57,3080
9,THEFT,58,2242
9,THEFT,59,2701
9,THEFT,60,2887
9,THEFT,61,2590
9,THEFT,62,2778
9,THEFT,63,3028
9,THEFT,64,2904
9,THEFT,65,3473
9,THEFT,66,3105
9,THEFT,67,3523
9,THEFT,68,3841
9,THEFT,69,3598
9,THEFT,70,4120
9,THEFT,71,3672
9,THEFT,72,3898
9,THEFT,73,3909
9,THEFT,74,3958
9,THEFT,75,3457
9,THEFT,76,3501
9,THEFT,77,3590
9,THEFT,78,3334
9,THEFT,79,3032
9,THEFT,80,3103
9,THEFT,81,2710
9,THEFT,82,2931
9,THEFT,83,1867
9,THEFT,84,1690
9,THEFT,85,1691
9,THEFT,86,1310
9,THEFT,87,996
9,THEFT,88,976
9,THEFT,89,636
9,THEFT,90,556
9,THEFT,91,380
9,THEFT,92,195
9,THEFT,93,83
9,THEFT,94,45
9,THEFT,95,11
10,MOTOR VEHICLE THEFT,-10,4
10,MOTOR VEHICLE THEFT,-9,3
10,MOTOR VEHICLE THEFT,-8,2
10,MOTOR VEHICLE THEFT,-7,18
10,MOTOR VEHICLE THEFT,-6,17
10,MOTOR VEHICLE THEFT,-5,17
10,MOTOR VEHICLE THEFT,-4,17
10,MOTOR VEHICLE THEFT,-3,25
10,MOTOR VEHICLE THEFT,-2,51
10,MOTOR VEHICLE THEFT,-1,48
10,MOTOR VEHICLE THEFT,0,52
10,MOTOR VEHICLE THEFT,1,89
10,MOTOR VEHICLE THEFT,2,101
10,MOTOR VEHICLE THEFT,3,118
10,MOTOR VEHICLE THEFT,4,131
10,MOTOR VEHICLE THEFT,5,106
10,MOTOR VEHICLE THEFT,6,99
10,MOTOR VEHICLE THEFT,7,114
10,MOTOR VEHICLE THEFT,8,78
10,MOTOR VEHICLE THEFT,9,78
10,MOTOR VEHICLE THEFT,10,124
10,MOTOR VEHICLE THEFT,11,121
10,MOTOR VEHICLE THEFT,12,126
10,MOTOR VEHICLE THEFT,13,144
10,MOTOR VEHICLE THEFT,14,158
10,MOTOR VEHICLE THEFT,15,144
10,MOTOR VEHICLE THEFT,16,173
10,MOTOR VEHICLE THEFT,17,193
10,MOTOR VEHICLE THEFT,18,182
10,MOTOR VEHICLE THEFT,19,273
10,MOTOR VEHICLE THEFT,20,221
10,MOTOR VEHICLE THEFT,21,213
10,MOTOR VEHICLE THEFT,22,198
10,MOTOR VEHICLE THEFT,23,248
10,MOTOR VEHICLE THEFT,24,291
10,MOTOR VEHICLE THEFT,25,290
10,MOTOR VEHICLE THEFT,26,345
10,MOTOR VEHICLE THEFT,27,372
10,MOTOR VEHICLE THEFT,28,372
10,MOTOR VEHICLE THEFT,29,426
10,MOTOR VEHICLE THEFT,30,465
10,MOTOR VEHICLE THEFT,31,523
10,MOTOR VEHICLE THEFT,32,649
10,MOTOR VEHICLE THEFT,33,558
10,MOTOR VEHICLE THEFT,34,618
10,MOTOR VEHICLE THEFT,35,528
10,MOTOR VEHICLE THEFT,36,546
10,MOTOR VEHICLE THEFT,37,570
10,MOTOR VEHICLE THEFT,38,585
10,MOTOR VEHICLE THEFT,39,590
10,MOTOR VEHICLE THEFT,40,601
10,MOTOR VEHICLE THEFT,41,486
10,MOTOR VEHICLE THEFT,42,504
10,MOTOR VEHICLE THEFT,43,522
10,MOTOR VEHICLE THEFT,44,489
10,MOTOR VEHICLE THEFT,45,497
10,MOTOR VEHICLE THEFT,46,462
10,MOTOR VEHICLE THEFT,47,535
10,MOTOR VEHICLE THEFT,48,523
10,MOTOR VEHICLE THEFT,49,460
10,MOTOR VEHICLE THEFT,50,517
10,MOTOR VEHICLE THEFT,51,391
10,MOTOR VEHICLE THEFT,52,434
10,MOTOR VEHICLE THEFT,53,371
10,MOTOR VEHICLE THEFT,54,396
10,MOTOR VEHICLE THEFT,55,438
10,MOTOR VEHICLE THEFT,56,447
10,MOTOR VEHICLE THEFT,57,533
10,MOTOR VEHICLE THEFT,58,375
10,MOTOR VEHICLE THEFT,59,427
10,MOTOR VEHICLE THEFT,60,544
10,MOTOR VEHICLE THEFT,61,493
10,MOTOR VEHICLE THEFT,62,518
10,MOTOR VEHICLE THEFT,63,566
10,MOTOR VEHICLE THEFT,64,540
10,MOTOR VEHICLE THEFT,65,674
10,MOTOR VEHICLE THEFT,66,582
10,MOTOR VEHICLE THEFT,67,645
10,MOTOR VEHICLE THEFT,68,706
10,MOTOR VEHICLE THEFT,69,647
10,MOTOR VEHICLE THEFT,70,728
10,MOTOR VEHICLE THEFT,71,649
10,MOTOR VEHICLE THEFT,72,682
10,MOTOR VEHICLE THEFT,73,684
10,MOTOR VEHICLE THEFT,74,647
10,MOTOR VEHICLE THEFT,75,507
10,MOTOR VEHICLE THEFT,76,532
10,MOTOR VEHICLE THEFT,77,499
10,MOTOR VEHICLE THEFT,78,499
10,MOTOR VEHICLE THEFT,79,451
10,MOTOR VEHICLE THEFT,80,354
10,MOTOR VEHICLE THEFT,81,353
10,MOTOR VEHICLE THEFT,82,336
10,MOTOR VEHICLE THEFT,83,220
10,MOTOR VEHICLE THEFT,84,212
10,MOTOR VEHICLE THEFT,85,199
10,MOTOR VEHICLE THEFT,86,151
10,MOTOR VEHICLE THEFT,87,132
10,MOTOR VEHICLE THEFT,88,147
10,MOTOR VEHICLE THEFT,89,75
10,MOTOR VEHICLE THEFT,90,72
10,MOTOR VEHICLE THEFT,91,40
10,MOTOR VEHICLE THEFT,92,20
10,MOTOR VEHICLE THEFT,93,5
10,MOTOR VEHICLE THEFT,94,8
10,MOTOR VEHICLE THEFT,95,3
11,ARSON,-2,1
11,ARSON,-1,1
11,ARSON,0,1
11,ARSON,1,7
11,ARSON,2,3
11,ARSON,3,1
11,ARSON,4,1
11,ARSON,5,2
11,ARSON,6,4
11,ARSON,7,2
11,ARSON,8,2
11,ARSON,9,3
11,ARSON,10,2
11,ARSON,11,3
11,ARSON,12,2
11,ARSON,13,3
11,ARSON,14,2
11,ARSON,15,4
11,ARSON,16,7
11,ARSON,17,5
11,ARSON,18,13
11,ARSON,19,5
11,ARSON,20,6
11,ARSON,21,8
11,ARSON,22,8
11,ARSON,23,7
11,ARSON,24,15
11,ARSON,25,16
11,ARSON,26,14
11,ARSON,27,9
11,ARSON,28,21
11,ARSON,29,13
11,ARSON,30,23
11,ARSON,31,20
11,ARSON,32,20
11,ARSON,33,15
11,ARSON,34,28
11,ARSON,35,20
11,ARSON,36,11
11,ARSON,37,32
11,ARSON,38,28
11,ARSON,39,31
11,ARSON,40,16
11,ARSON,41,25
11,ARSON,42,32
11,ARSON,43,37
11,ARSON,44,22
11,ARSON,45,28
11,ARSON,46,16
11,ARSON,47,24
11,ARSON,48,21
11,ARSON,49,17
11,ARSON,50,23
11,ARSON,51,17
11,ARSON,52,22
11,ARSON,53,21
11,ARSON,54,20
11,ARSON,55,23
11,ARSON,56,23
11,ARSON,57,29
11,ARSON,58,21
11,ARSON,59,22
11,ARSON,60,33
11,ARSON,61,20
11,ARSON,62,28
11,ARSON,63,21
11,ARSON,64,29
11,ARSON,65,28
11,ARSON,66,41
11,ARSON,67,23
11,ARSON,68,38
11,ARSON,69,46
11,ARSON,70,39
11,ARSON,71,34
11,ARSON,72,28
11,ARSON,73,17
11,ARSON,74,25
11,ARSON,75,23
11,ARSON,76,16
11,ARSON,77,17
11,ARSON,78,14
11,ARSON,79,13
11,ARSON,80,12
11,ARSON,81,12
11,ARSON,82,13
11,ARSON,83,7
11,ARSON,84,5
11,ARSON,85,2
11,ARSON,86,5
11,ARSON,87,2
11,ARSON,88,3
11,ARSON,90,2
11,ARSON,91,1
11,ARSON,94,1
12,HUMAN TRAFFICKING,6,1
12,HUMAN TRAFFICKING,10,1
12,HUMAN TRAFFICKING,25,1
12,HUMAN TRAFFICKING,28,1
12,HUMAN TRAFFICKING,29,1
12,HUMAN TRAFFICKING,33,2
12,HUMAN TRAFFICKING,40,1
12,HUMAN TRAFFICKING,42,1
12,HUMAN TRAFFICKING,43,1
12,HUMAN TRAFFICKING,44,1
12,HUMAN TRAFFICKING,46,1
12,HUMAN TRAFFICKING,50,1
12,HUMAN TRAFFICKING,52,1
12,HUMAN TRAFFICKING,54,1
12,HUMAN TRAFFICKING,60,1
12,HUMAN TRAFFICKING,63,1
12,HUMAN TRAFFICKING,64,1
12,HUMAN TRAFFICKING,65,2
12,HUMAN TRAFFICKING,66,1
12,HUMAN TRAFFICKING,68,1
12,HUMAN TRAFFICKING,70,2
12,HUMAN TRAFFICKING,72,2
12,HUMAN TRAFFICKING,73,1
12,HUMAN TRAFFICKING,74,1
12,HUMAN TRAFFICKING,77,1
12,HUMAN TRAFFICKING,79,2
12,HUMAN TRAFFICKING,82,2
12,HUMAN TRAFFICKING,87,1
12,HUMAN TRAFFICKING,88,1
13,DECEPTIVE PRACTICE,-10,2
13,DECEPTIVE PRACTICE,-8,2
13,DECEPTIVE PRACTICE,-7,13
13,DECEPTIVE PRACTICE,-6,25
13,DECEPTIVE PRACTICE,-5,14
13,DECEPTIVE PRACTICE,-4,11
13,DECEPTIVE PRACTICE,-3,27
13,DECEPTIVE PRACTICE,-2,51
13,DECEPTIVE PRACTICE,-1,51
13,DECEPTIVE PRACTICE,0,62
13,DECEPTIVE PRACTICE,1,88
13,DECEPTIVE PRACTICE,2,114
13,DECEPTIVE PRACTICE,3,120
13,DECEPTIVE PRACTICE,4,155
13,DECEPTIVE PRACTICE,5,129
13,DECEPTIVE PRACTICE,6,116
13,DECEPTIVE PRACTICE,7,160
13,DECEPTIVE PRACTICE,8,110
13,DECEPTIVE PRACTICE,9,106
13,DECEPTIVE PRACTICE,10,141
13,DECEPTIVE PRACTICE,11,176
13,DECEPTIVE PRACTICE,12,152
13,DECEPTIVE PRACTICE,13,235
13,DECEPTIVE PRACTICE,14,257
13,DECEPTIVE PRACTICE,15,184
13,DECEPTIVE PRACTICE,16,261
13,DECEPTIVE PRACTICE,17,373
13,DECEPTIVE PRACTICE,18,385
13,DECEPTIVE PRACTICE,19,437
13,DECEPTIVE PRACTICE,20,341
13,DECEPTIVE PRACTICE,21,367
13,DECEPTIVE PRACTICE,22,258
13,DECEPTIVE PRACTICE,23,331
13,DECEPTIVE PRACTICE,24,503
13,DECEPTIVE PRACTICE,25,428
13,DECEPTIVE PRACTICE,26,504
13,DECEPTIVE PRACTICE,27,616
13,DECEPTIVE PRACTICE,28,637
13,DECEPTIVE PRACTICE,29,671
13,DECEPTIVE PRACTICE,30,714
13,DECEPTIVE PRACTICE,31,815
13,DECEPTIVE PRACTICE,32,1009
13,DECEPTIVE PRACTICE,33,864
13,DECEPTIVE PRACTICE,34,794
13,DECEPTIVE PRACTICE,35,856
13,DECEPTIVE PRACTICE,36,802
13,DECEPTIVE PRACTICE,37,883
13,DECEPTIVE PRACTICE,38,912
13,DECEPTIVE PRACTICE,39,1028
13,DECEPTIVE PRACTICE,40,1007
13,DECEPTIVE PRACTICE,41,954
13,DECEPTIVE PRACTICE,42,717
13,DECEPTIVE PRACTICE,43,815
13,DECEPTIVE PRACTICE,44,834
13,DECEPTIVE PRACTICE,45,834
13,DECEPTIVE PRACTICE,46,861
13,DECEPTIVE PRACTICE,47,878
13,DECEPTIVE PRACTICE,48,820
13,DECEPTIVE PRACTICE,49,615
13,DECEPTIVE PRACTICE,50,996
13,DECEPTIVE PRACTICE,51,597
13,DECEPTIVE PRACTICE,52,764
13,DECEPTIVE PRACTICE,53,740
13,DECEPTIVE PRACTICE,54,743
13,DECEPTIVE PRACTICE,55,729
13,DECEPTIVE PRACTICE,56,744
13,DECEPTIVE PRACTICE,57,908
13,DECEPTIVE PRACTICE,58,587
13,DECEPTIVE PRACTICE,59,837
13,DECEPTIVE PRACTICE,60,799
13,DECEPTIVE PRACTICE,61,748
13,DECEPTIVE PRACTICE,62,794
13,DECEPTIVE PRACTICE,63,748
13,DECEPTIVE PRACTICE,64,803
13,DECEPTIVE PRACTICE,65,925
13,DECEPTIVE PRACTICE,66,811
13,DECEPTIVE PRACTICE,67,985
13,DECEPTIVE PRACTICE,68,890
13,DECEPTIVE PRACTICE,69,974
13,DECEPTIVE PRACTICE,70,1052
13,DECEPTIVE PRACTICE,71,935
13,DECEPTIVE PRACTICE,72,975
13,DECEPTIVE PRACTICE,73,1018
13,DECEPTIVE PRACTICE,74,1058
13,DECEPTIVE PRACTICE,75,950
13,DECEPTIVE PRACTICE,76,877
13,DECEPTIVE PRACTICE,77,890
13,DECEPTIVE PRACTICE,78,979
13,DECEPTIVE PRACTICE,79,859
13,DECEPTIVE PRACTICE,80,874
13,DECEPTIVE PRACTICE,81,688
13,DECEPTIVE PRACTICE,82,845
13,DECEPTIVE PRACTICE,83,586
13,DECEPTIVE PRACTICE,84,512
13,DECEPTIVE PRACTICE,85,529
13,DECEPTIVE PRACTICE,86,427
13,DECEPTIVE PRACTICE,87,336
13,DECEPTIVE PRACTICE,88,264
13,DECEPTIVE PRACTICE,89,162
13,DECEPTIVE PRACTICE,90,168
13,DECEPTIVE PRACTICE,91,88
13,DECEPTIVE PRACTICE,92,52
13,DECEPTIVE PRACTICE,93,26
13,DECEPTIVE PRACTICE,94,19
13,DECEPTIVE PRACTICE,95,2
14,CRIMINAL DAMAGE,-12,1
14,CRIMINAL DAMAGE,-10,2
14,CRIMINAL DAMAGE,-9,1
14,CRIMINAL DAMAGE,-8,19
14,CRIMINAL DAMAGE,-7,24
14,CRIMINAL DAMAGE,-6,23
14,CRIMINAL DAMAGE,-5,41
14,CRIMINAL DAMAGE,-4,23
14,CRIMINAL DAMAGE,-3,52
14,CRIMINAL DAMAGE,-2,49
14,CRIMINAL DAMAGE,-1,88
14,CRIMINAL DAMAGE,0,111
14,CRIMINAL DAMAGE,1,188
14,CRIMINAL DAMAGE,2,210
14,CRIMINAL DAMAGE,3,174
14,CRIMINAL DAMAGE,4,270
14,CRIMINAL DAMAGE,5,218
14,CRIMINAL DAMAGE,6,188
14,CRIMINAL DAMAGE,7,230
14,CRIMINAL DAMAGE,8,193
14,CRIMINAL DAMAGE,9,207
14,CRIMINAL DAMAGE,10,224
14,CRIMINAL DAMAGE,11,274
14,CRIMINAL DAMAGE,12,272
14,CRIMINAL DAMAGE,13,328
14,CRIMINAL DAMAGE,14,346
14,CRIMINAL DAMAGE,15,365
14,CRIMINAL DAMAGE,16,377
14,CRIMINAL DAMAGE,17,453
14,CRIMINAL DAMAGE,18,485
14,CRIMINAL DAMAGE,19,688
14,CRIMINAL DAMAGE,20,545
14,CRIMINAL DAMAGE,21,579
14,CRIMINAL DAMAGE,22,439
14,CRIMINAL DAMAGE,23,633
14,CRIMINAL DAMAGE,24,777
14,CRIMINAL DAMAGE,25,817
14,CRIMINAL DAMAGE,26,948
14,CRIMINAL DAMAGE,27,1086
14,CRIMINAL DAMAGE,28,1080
14,CRIMINAL DAMAGE,29,1267
14,CRIMINAL DAMAGE,30,1646
14,CRIMINAL DAMAGE,31,1615
14,CRIMINAL DAMAGE,32,1905
14,CRIMINAL DAMAGE,33,1770
14,CRIMINAL DAMAGE,34,1792
14,CRIMINAL DAMAGE,35,1609
14,CRIMINAL DAMAGE,36,1828
14,CRIMINAL DAMAGE,37,1864
14,CRIMINAL DAMAGE,38,1832
14,CRIMINAL DAMAGE,39,1922
14,CRIMINAL DAMAGE,40,2057
14,CRIMINAL DAMAGE,41,1809
14,CRIMINAL DAMAGE,42,1641
14,CRIMINAL DAMAGE,43,1801
14,CRIMINAL DAMAGE,44,1800
14,CRIMINAL DAMAGE,45,1759
14,CRIMINAL DAMAGE,46,1806
14,CRIMINAL DAMAGE,47,1808
14,CRIMINAL DAMAGE,48,1833
14,CRIMINAL DAMAGE,49,1558
14,CRIMINAL DAMAGE,50,1874
14,CRIMINAL DAMAGE,51,1463
14,CRIMINAL DAMAGE,52,1586
14,CRIMINAL DAMAGE,53,1483
14,CRIMINAL DAMAGE,54,1475
14,CRIMINAL DAMAGE,55,1451
14,CRIMINAL DAMAGE,56,1629
14,CRIMINAL DAMAGE,57,1933
14,CRIMINAL DAMAGE,58,1353
14,CRIMINAL DAMAGE,59,1670
14,CRIMINAL DAMAGE,60,2023
14,CRIMINAL DAMAGE,61,1801
14,CRIMINAL DAMAGE,62,1702
14,CRIMINAL DAMAGE,63,2016
14,CRIMINAL DAMAGE,64,1949
14,CRIMINAL DAMAGE,65,2264
14,CRIMINAL DAMAGE,66,2048
14,CRIMINAL DAMAGE,67,2343
14,CRIMINAL DAMAGE,68,2434
14,CRIMINAL DAMAGE,69,2146
14,CRIMINAL DAMAGE,70,2590
14,CRIMINAL DAMAGE,71,2181
14,CRIMINAL DAMAGE,72,2285
14,CRIMINAL DAMAGE,73,2241
14,CRIMINAL DAMAGE,74,2169
14,CRIMINAL DAMAGE,75,1750
14,CRIMINAL DAMAGE,76,1807
14,CRIMINAL DAMAGE,77,1855
14,CRIMINAL DAMAGE,78,1726
14,CRIMINAL DAMAGE,79,1487
14,CRIMINAL DAMAGE,80,1388
14,CRIMINAL DAMAGE,81,1282
14,CRIMINAL DAMAGE,82,1298
14,CRIMINAL DAMAGE,83,900
14,CRIMINAL DAMAGE,84,703
14,CRIMINAL DAMAGE,85,706
14,CRIMINAL DAMAGE,86,555
14,CRIMINAL DAMAGE,87,415
14,CRIMINAL DAMAGE,88,381
14,CRIMINAL DAMAGE,89,238
14,CRIMINAL DAMAGE,90,190
14,CRIMINAL DAMAGE,91,142
14,CRIMINAL DAMAGE,92,71
14,CRIMINAL DAMAGE,93,25
14,CRIMINAL DAMAGE,94,22
14,CRIMINAL DAMAGE,95,5
15,WEAPONS VIOLATION,-7,3
15,WEAPONS VIOLATION,-6,5
15,WEAPONS VIOLATION,-5,3
15,WEAPONS VIOLATION,-4,4
15,WEAPONS VIOLATION,-3,5
15,WEAPONS VIOLATION,-2,4
15,WEAPONS VIOLATION,-1,12
15,WEAPONS VIOLATION,0,15
15,WEAPONS VIOLATION,1,23
15,WEAPONS VIOLATION,2,24
15,WEAPONS VIOLATION,3,19
15,WEAPONS VIOLATION,4,31
15,WEAPONS VIOLATION,5,17
15,WEAPONS VIOLATION,6,15
15,WEAPONS VIOLATION,7,26
15,WEAPONS VIOLATION,8,17
15,WEAPONS VIOLATION,9,14
15,WEAPONS VIOLATION,10,26
15,WEAPONS VIOLATION,11,33
15,WEAPONS VIOLATION,12,25
15,WEAPONS VIOLATION,13,44
15,WEAPONS VIOLATION,14,28
15,WEAPONS VIOLATION,15,35
15,WEAPONS VIOLATION,16,47
15,WEAPONS VIOLATION,17,66
15,WEAPONS VIOLATION,18,53
15,WEAPONS VIOLATION,19,59
15,WEAPONS VIOLATION,20,60
15,WEAPONS VIOLATION,21,54
15,WEAPONS VIOLATION,22,43
15,WEAPONS VIOLATION,23,59
15,WEAPONS VIOLATION,24,83
15,WEAPONS VIOLATION,25,85
15,WEAPONS VIOLATION,26,97
15,WEAPONS VIOLATION,27,116
15,WEAPONS VIOLATION,28,109
15,WEAPONS VIOLATION,29,106
15,WEAPONS VIOLATION,30,168
15,WEAPONS VIOLATION,31,175
15,WEAPONS VIOLATION,32,197
15,WEAPONS VIOLATION,33,177
15,WEAPONS VIOLATION,34,195
15,WEAPONS VIOLATION,35,167
15,WEAPONS VIOLATION,36,182
15,WEAPONS VIOLATION,37,175
15,WEAPONS VIOLATION,38,178
15,WEAPONS VIOLATION,39,207
15,WEAPONS VIOLATION,40,234
15,WEAPONS VIOLATION,41,187
15,WEAPONS VIOLATION,42,182
15,WEAPONS VIOLATION,43,168
15,WEAPONS VIOLATION,44,167
15,WEAPONS VIOLATION,45,199
15,WEAPONS VIOLATION,46,167
15,WEAPONS VIOLATION,47,190
15,WEAPONS VIOLATION,48,147
15,WEAPONS VIOLATION,49,165
15,WEAPONS VIOLATION,50,200
15,WEAPONS VIOLATION,51,159
15,WEAPONS VIOLATION,52,167
15,WEAPONS VIOLATION,53,143
15,WEAPONS VIOLATION,54,158
15,WEAPONS VIOLATION,55,164
15,WEAPONS VIOLATION,56,207
15,WEAPONS VIOLATION,57,183
15,WEAPONS VIOLATION,58,155
15,WEAPONS VIOLATION,59,195
15,WEAPONS VIOLATION,60,216
15,WEAPONS VIOLATION,61,194
15,WEAPONS VIOLATION,62,218
15,WEAPONS VIOLATION,63,239
15,WEAPONS VIOLATION,64,248
15,WEAPONS VIOLATION,65,291
15,WEAPONS VIOLATION,66,227
15,WEAPONS VIOLATION,67,254
15,WEAPONS VIOLATION,68,298
15,WEAPONS VIOLATION,69,267
15,WEAPONS VIOLATION,70,307
15,WEAPONS VIOLATION,71,248
15,WEAPONS VIOLATION,72,257
15,WEAPONS VIOLATION,73,242
15,WEAPONS VIOLATION,74,228
15,WEAPONS VIOLATION,75,205
15,WEAPONS VIOLATION,76,200
15,WEAPONS VIOLATION,77,217
15,WEAPONS VIOLATION,78,217
15,WEAPONS VIOLATION,79,198
15,WEAPONS VIOLATION,80,149
15,WEAPONS VIOLATION,81,149
15,WEAPONS VIOLATION,82,125
15,WEAPONS VIOLATION,83,92
15,WEAPONS VIOLATION,84,88
15,WEAPONS VIOLATION,85,70
15,WEAPONS VIOLATION,86,59
15,WEAPONS VIOLATION,87,57
15,WEAPONS VIOLATION,88,40
15,WEAPONS VIOLATION,89,25
15,WEAPONS VIOLATION,90,21
15,WEAPONS VIOLATION,91,18
15,WEAPONS VIOLATION,92,8
15,WEAPONS VIOLATION,93,3
15,WEAPONS VIOLATION,94,2
16,PROSTITUTION,-2,1
16,PROSTITUTION,-1,6
16,PROSTITUTION,0,1
16,PROSTITUTION,1,8
16,PROSTITUTION,2,3
16,PROSTITUTION,3,3
16,PROSTITUTION,4,1
16,PROSTITUTION,5,3
16,PROSTITUTION,6,3
16,PROSTITUTION,7,1
16,PROSTITUTION,8,6
16,PROSTITUTION,9,6
16,PROSTITUTION,10,14
16,PROSTITUTION,11,2
16,PROSTITUTION,12,9
16,PROSTITUTION,13,5
16,PROSTITUTION,14,5
16,PROSTITUTION,15,10
16,PROSTITUTION,16,5
16,PROSTITUTION,17,12
16,PROSTITUTION,18,14
16,PROSTITUTION,19,16
16,PROSTITUTION,20,11
16,PROSTITUTION,21,12
16,PROSTITUTION,22,5
16,PROSTITUTION,23,22
16,PROSTITUTION,24,21
16,PROSTITUTION,25,16
16,PROSTITUTION,26,36
16,PROSTITUTION,27,32
16,PROSTITUTION,28,25
16,PROSTITUTION,29,43
16,PROSTITUTION,30,57
16,PROSTITUTION,31,48
16,PROSTITUTION,32,61
16,PROSTITUTION,33,41
16,PROSTITUTION,34,45
16,PROSTITUTION,35,63
16,PROSTITUTION,36,40
16,PROSTITUTION,37,36
16,PROSTITUTION,38,50
16,PROSTITUTION,39,44
16,PROSTITUTION,40,54
16,PROSTITUTION,41,52
16,PROSTITUTION,42,50
16,PROSTITUTION,43,41
16,PROSTITUTION,44,69
16,PROSTITUTION,45,52
16,PROSTITUTION,46,49
16,PROSTITUTION,47,51
16,PROSTITUTION,48,27
16,PROSTITUTION,49,48
16,PROSTITUTION,50,66
16,PROSTITUTION,51,25
16,PROSTITUTION,52,32
16,PROSTITUTION,53,30
16,PROSTITUTION,54,35
16,PROSTITUTION,55,48
16,PROSTITUTION,56,42
16,PROSTITUTION,57,52
16,PROSTITUTION,58,25
16,PROSTITUTION,59,34
16,PROSTITUTION,60,38
16,PROSTITUTION,61,50
16,PROSTITUTION,62,38
16,PROSTITUTION,63,53
16,PROSTITUTION,64,43
16,PROSTITUTION,65,87
16,PROSTITUTION,66,41
16,PROSTITUTION,67,54
16,PROSTITUTION,68,64
16,PROSTITUTION,69,59
16,PROSTITUTION,70,80
16,PROSTITUTION,71,67
16,PROSTITUTION,72,46
16,PROSTITUTION,73,32
16,PROSTITUTION,74,57
16,PROSTITUTION,75,34
16,PROSTITUTION,76,55
16,PROSTITUTION,77,32
16,PROSTITUTION,78,50
16,PROSTITUTION,79,38
16,PROSTITUTION,80,35
16,PROSTITUTION,81,30
16,PROSTITUTION,82,32
16,PROSTITUTION,83,9
16,PROSTITUTION,84,25
16,PROSTITUTION,85,8
16,PROSTITUTION,86,12
16,PROSTITUTION,87,3
16,PROSTITUTION,88,8
16,PROSTITUTION,89,2
16,PROSTITUTION,90,5
16,PROSTITUTION,91,1
17,SEX OFFENSE,-3,2
17,SEX OFFENSE,-2,1
17,SEX OFFENSE,-1,18
17,SEX OFFENSE,0,5
17,SEX OFFENSE,1,2
17,SEX OFFENSE,2,2
17,SEX OFFENSE,3,3
17,SEX OFFENSE,4,7
17,SEX OFFENSE,5,6
17,SEX OFFENSE,6,5
17,SEX OFFENSE,7,8
17,SEX OFFENSE,8,8
17,SEX OFFENSE,9,8
17,SEX OFFENSE,10,7
17,SEX OFFENSE,11,9
17,SEX OFFENSE,12,6
17,SEX OFFENSE,13,7
17,SEX OFFENSE,14,15
17,SEX OFFENSE,15,16
17,SEX OFFENSE,16,17
17,SEX OFFENSE,17,52
17,SEX OFFENSE,18,21
17,SEX OFFENSE,19,21
17,SEX OFFENSE,20,20
17,SEX OFFENSE,21,27
17,SEX OFFENSE,22,13
17,SEX OFFENSE,23,50
17,SEX OFFENSE,24,76
17,SEX OFFENSE,25,16
17,SEX OFFENSE,26,21
17,SEX OFFENSE,27,32
17,SEX OFFENSE,28,27
17,SEX OFFENSE,29,29
17,SEX OFFENSE,30,47
17,SEX OFFENSE,31,53
17,SEX OFFENSE,32,51
17,SEX OFFENSE,33,49
17,SEX OFFENSE,34,43
17,SEX OFFENSE,35,49
17,SEX OFFENSE,36,60
17,SEX OFFENSE,37,50
17,SEX OFFENSE,38,57
17,SEX OFFENSE,39,52
17,SEX OFFENSE,40,58
17,SEX OFFENSE,41,58
17,SEX OFFENSE,42,61
17,SEX OFFENSE,43,66
17,SEX OFFENSE,44,51
17,SEX OFFENSE,45,59
17,SEX OFFENSE,46,71
17,SEX OFFENSE,47,42
17,SEX OFFENSE,48,62
17,SEX OFFENSE,49,29
17,SEX OFFENSE,50,55
17,SEX OFFENSE,51,51
17,SEX OFFENSE,52,45
17,SEX OFFENSE,53,46
17,SEX OFFENSE,54,54
17,SEX OFFENSE,55,40
17,SEX OFFENSE,56,36
17,SEX OFFENSE,57,48
17,SEX OFFENSE,58,42
17,SEX OFFENSE,59,41
17,SEX OFFENSE,60,52
17,SEX OFFENSE,61,42
17,SEX OFFENSE,62,57
17,SEX OFFENSE,63,59
17,SEX OFFENSE,64,72
17,SEX OFFENSE,65,85
17,SEX OFFENSE,66,54
17,SEX OFFENSE,67,63
17,SEX OFFENSE,68,79
17,SEX OFFENSE,69,70
17,SEX OFFENSE,70,86
17,SEX OFFENSE,71,72
17,SEX OFFENSE,72,78
17,SEX OFFENSE,73,58
17,SEX OFFENSE,74,65
17,SEX OFFENSE,75,57
17,SEX OFFENSE,76,49
17,SEX OFFENSE,77,37
17,SEX OFFENSE,78,60
17,SEX OFFENSE,79,57
17,SEX OFFENSE,80,53
17,SEX OFFENSE,81,35
17,SEX OFFENSE,82,52
17,SEX OFFENSE,83,34
17,SEX OFFENSE,84,26
17,SEX OFFENSE,85,26
17,SEX OFFENSE,86,21
17,SEX OFFENSE,87,25
17,SEX OFFENSE,88,21
17,SEX OFFENSE,89,10
17,SEX OFFENSE,90,8
17,SEX OFFENSE,91,7
17,SEX OFFENSE,92,3
17,SEX OFFENSE,93,1
18,GAMBLING,5,1
18,GAMBLING,8,1
18,GAMBLING,11,3
18,GAMBLING,19,1
18,GAMBLING,20,1
18,GAMBLING,23,1
18,GAMBLING,24,1
18,GAMBLING,25,3
18,GAMBLING,26,2
18,GAMBLING,27,1
18,GAMBLING,30,1
18,GAMBLING,31,3
18,GAMBLING,32,5
18,GAMBLING,33,6
18,GAMBLING,34,1
18,GAMBLING,36,3
18,GAMBLING,37,3
18,GAMBLING,38,4
18,GAMBLING,39,2
18,GAMBLING,40,7
18,GAMBLING,41,2
18,GAMBLING,42,8
18,GAMBLING,43,6
18,GAMBLING,44,5
18,GAMBLING,45,5
18,GAMBLING,46,8
18,GAMBLING,47,6
18,GAMBLING,48,6
18,GAMBLING,49,7
18,GAMBLING,50,8
18,GAMBLING,51,8
18,GAMBLING,52,7
18,GAMBLING,53,9
18,GAMBLING,54,12
18,GAMBLING,55,8
18,GAMBLING,56,13
18,GAMBLING,57,12
18,GAMBLING,58,8
18,GAMBLING,59,12
18,GAMBLING,60,12
18,GAMBLING,61,10
18,GAMBLING,62,15
18,GAMBLING,63,20
18,GAMBLING,64,14
18,GAMBLING,65,15
18,GAMBLING,66,15
18,GAMBLING,67,17
18,GAMBLING,68,26
18,GAMBLING,69,21
18,GAMBLING,70,27
18,GAMBLING,71,23
18,GAMBLING,72,29
18,GAMBLING,73,18
18,GAMBLING,74,25
18,GAMBLING,75,22
18,GAMBLING,76,20
18,GAMBLING,77,17
18,GAMBLING,78,12
18,GAMBLING,79,28
18,GAMBLING,80,24
18,GAMBLING,81,16
18,GAMBLING,82,14
18,GAMBLING,83,9
18,GAMBLING,84,8
18,GAMBLING,85,9
18,GAMBLING,86,7
18,GAMBLING,87,8
18,GAMBLING,88,9
18,GAMBLING,89,6
18,GAMBLING,90,3
18,GAMBLING,91,4
19,OFFENSE INVOLVING CHILDREN,-10,1
19,OFFENSE INVOLVING CHILDREN,-7,1
19,OFFENSE INVOLVING CHILDREN,-5,2
19,OFFENSE INVOLVING CHILDREN,-4,2
19,OFFENSE INVOLVING CHILDREN,-3,6
19,OFFENSE INVOLVING CHILDREN,-2,4
19,OFFENSE INVOLVING CHILDREN,-1,80
19,OFFENSE INVOLVING CHILDREN,0,4
19,OFFENSE INVOLVING CHILDREN,1,13
19,OFFENSE INVOLVING CHILDREN,2,15
19,OFFENSE INVOLVING CHILDREN,3,16
19,OFFENSE INVOLVING CHILDREN,4,13
19,OFFENSE INVOLVING CHILDREN,5,13
19,OFFENSE INVOLVING CHILDREN,6,16
19,OFFENSE INVOLVING CHILDREN,7,13
19,OFFENSE INVOLVING CHILDREN,8,11
19,OFFENSE INVOLVING CHILDREN,9,15
19,OFFENSE INVOLVING CHILDREN,10,28
19,OFFENSE INVOLVING CHILDREN,11,21
19,OFFENSE INVOLVING CHILDREN,12,19
19,OFFENSE INVOLVING CHILDREN,13,20
19,OFFENSE INVOLVING CHILDREN,14,20
19,OFFENSE INVOLVING CHILDREN,15,25
19,OFFENSE INVOLVING CHILDREN,16,21
19,OFFENSE INVOLVING CHILDREN,17,138
19,OFFENSE INVOLVING CHILDREN,18,39
19,OFFENSE INVOLVING CHILDREN,19,44
19,OFFENSE INVOLVING CHILDREN,20,44
19,OFFENSE INVOLVING CHILDREN,21,41
19,OFFENSE INVOLVING CHILDREN,22,32
19,OFFENSE INVOLVING CHILDREN,23,140
19,OFFENSE INVOLVING CHILDREN,24,149
19,OFFENSE INVOLVING CHILDREN,25,54
19,OFFENSE INVOLVING CHILDREN,26,61
19,OFFENSE INVOLVING CHILDREN,27,56
19,OFFENSE INVOLVING CHILDREN,28,70
19,OFFENSE INVOLVING CHILDREN,29,84
19,OFFENSE INVOLVING CHILDREN,30,100
19,OFFENSE INVOLVING CHILDREN,31,97
19,OFFENSE INVOLVING CHILDREN,32,114
19,OFFENSE INVOLVING CHILDREN,33,109
19,OFFENSE INVOLVING CHILDREN,34,106
19,OFFENSE INVOLVING CHILDREN,35,100
19,OFFENSE INVOLVING CHILDREN,36,112
19,OFFENSE INVOLVING CHILDREN,37,122
19,OFFENSE INVOLVING CHILDREN,38,120
19,OFFENSE INVOLVING CHILDREN,39,96
19,OFFENSE INVOLVING CHILDREN,40,142
19,OFFENSE INVOLVING CHILDREN,41,106
19,OFFENSE INVOLVING CHILDREN,42,104
19,OFFENSE INVOLVING CHILDREN,43,96
19,OFFENSE INVOLVING CHILDREN,44,100
19,OFFENSE INVOLVING CHILDREN,45,107
19,OFFENSE INVOLVING CHILDREN,46,110
19,OFFENSE INVOLVING CHILDREN,47,91
19,OFFENSE INVOLVING CHILDREN,48,124
19,OFFENSE INVOLVING CHILDREN,49,86
19,OFFENSE INVOLVING CHILDREN,50,91
19,OFFENSE INVOLVING CHILDREN,51,69
19,OFFENSE INVOLVING CHILDREN,52,83
19,OFFENSE INVOLVING CHILDREN,53,79
19,OFFENSE INVOLVING CHILDREN,54,82
19,OFFENSE INVOLVING CHILDREN,55,90
19,OFFENSE INVOLVING CHILDREN,56,104
19,OFFENSE INVOLVING CHILDREN,57,97
19,OFFENSE INVOLVING CHILDREN,58,61
19,OFFENSE INVOLVING CHILDREN,59,103
19,OFFENSE INVOLVING CHILDREN,60,115
19,OFFENSE INVOLVING CHILDREN,61,69
19,OFFENSE INVOLVING CHILDREN,62,100
19,OFFENSE INVOLVING CHILDREN,63,83
19,OFFENSE INVOLVING CHILDREN,64,120
19,OFFENSE INVOLVING CHILDREN,65,126
19,OFFENSE INVOLVING CHILDREN,66,100
19,OFFENSE INVOLVING CHILDREN,67,115
19,OFFENSE INVOLVING CHILDREN,68,127
19,OFFENSE INVOLVING CHILDREN,69,111
19,OFFENSE INVOLVING CHILDREN,70,149
19,OFFENSE INVOLVING CHILDREN,71,150
19,OFFENSE INVOLVING CHILDREN,72,136
19,OFFENSE INVOLVING CHILDREN,73,105
19,OFFENSE INVOLVING CHILDREN,74,120
19,OFFENSE INVOLVING CHILDREN,75,123
19,OFFENSE INVOLVING CHILDREN,76,119
19,OFFENSE INVOLVING CHILDREN,77,111
19,OFFENSE INVOLVING CHILDREN,78,124
19,OFFENSE INVOLVING CHILDREN,79,91
19,OFFENSE INVOLVING CHILDREN,80,105
19,OFFENSE INVOLVING CHILDREN,81,102
19,OFFENSE INVOLVING CHILDREN,82,89
19,OFFENSE INVOLVING CHILDREN,83,59
19,OFFENSE INVOLVING CHILDREN,84,41
19,OFFENSE INVOLVING CHILDREN,85,44
19,OFFENSE INVOLVING CHILDREN,86,35
19,OFFENSE INVOLVING CHILDREN,87,30
19,OFFENSE INVOLVING CHILDREN,88,33
19,OFFENSE INVOLVING CHILDREN,89,17
19,OFFENSE INVOLVING CHILDREN,90,17
19,OFFENSE INVOLVING CHILDREN,91,13
19,OFFENSE INVOLVING CHILDREN,92,5
19,OFFENSE INVOLVING CHILDREN,93,7
19,OFFENSE INVOLVING CHILDREN,95,1
20,NARCOTICS,-8,1
20,NARCOTICS,-7,6
20,NARCOTICS,-6,8
20,NARCOTICS,-5,11
20,NARCOTICS,-4,18
20,NARCOTICS,-3,28
20,NARCOTICS,-2,22
20,NARCOTICS,-1,36
20,NARCOTICS,0,49
20,NARCOTICS,1,71
20,NARCOTICS,2,103
20,NARCOTICS,3,98
20,NARCOTICS,4,151
20,NARCOTICS,5,123
20,NARCOTICS,6,100
20,NARCOTICS,7,117
20,NARCOTICS,8,142
20,NARCOTICS,9,132
20,NARCOTICS,10,121
20,NARCOTICS,11,184
20,NARCOTICS,12,148
20,NARCOTICS,13,243
20,NARCOTICS,14,190
20,NARCOTICS,15,222
20,NARCOTICS,16,206
20,NARCOTICS,17,286
20,NARCOTICS,18,344
20,NARCOTICS,19,369
20,NARCOTICS,20,254
20,NARCOTICS,21,281
20,NARCOTICS,22,187
20,NARCOTICS,23,283
20,NARCOTICS,24,378
20,NARCOTICS,25,472
20,NARCOTICS,26,412
20,NARCOTICS,27,526
20,NARCOTICS,28,570
20,NARCOTICS,29,694
20,NARCOTICS,30,751
20,NARCOTICS,31,779
20,NARCOTICS,32,915
20,NARCOTICS,33,801
20,NARCOTICS,34,839
20,NARCOTICS,35,768
20,NARCOTICS,36,729
20,NARCOTICS,37,695
20,NARCOTICS,38,780
20,NARCOTICS,39,922
20,NARCOTICS,40,1001
20,NARCOTICS,41,810
20,NARCOTICS,42,731
20,NARCOTICS,43,841
20,NARCOTICS,44,771
20,NARCOTICS,45,773
20,NARCOTICS,46,768
20,NARCOTICS,47,815
20,NARCOTICS,48,783
20,NARCOTICS,49,659
20,NARCOTICS,50,857
20,NARCOTICS,51,603
20,NARCOTICS,52,777
20,NARCOTICS,53,643
20,NARCOTICS,54,599
20,NARCOTICS,55,685
20,NARCOTICS,56,740
20,NARCOTICS,57,887
20,NARCOTICS,58,621
20,NARCOTICS,59,711
20,NARCOTICS,60,799
20,NARCOTICS,61,692
20,NARCOTICS,62,716
20,NARCOTICS,63,779
20,NARCOTICS,64,739
20,NARCOTICS,65,902
20,NARCOTICS,66,776
20,NARCOTICS,67,860
20,NARCOTICS,68,973
20,NARCOTICS,69,905
20,NARCOTICS,70,1034
20,NARCOTICS,71,891
20,NARCOTICS,72,963
20,NARCOTICS,73,901
20,NARCOTICS,74,958
20,NARCOTICS,75,826
20,NARCOTICS,76,779
20,NARCOTICS,77,860
20,NARCOTICS,78,721
20,NARCOTICS,79,736
20,NARCOTICS,80,771
20,NARCOTICS,81,532
20,NARCOTICS,82,611
20,NARCOTICS,83,415
20,NARCOTICS,84,338
20,NARCOTICS,85,326
20,NARCOTICS,86,275
20,NARCOTICS,87,251
20,NARCOTICS,88,217
20,NARCOTICS,89,151
20,NARCOTICS,90,99
20,NARCOTICS,91,74
20,NARCOTICS,92,31
20,NARCOTICS,93,18
20,NARCOTICS,94,23
20,NARCOTICS,95,2
21,LIQUOR LAW VIOLATION,-5,1
21,LIQUOR LAW VIOLATION,-4,1
21,LIQUOR LAW VIOLATION,-1,1
21,LIQUOR LAW VIOLATION,0,1
21,LIQUOR LAW VIOLATION,1,1
21,LIQUOR LAW VIOLATION,2,3
21,LIQUOR LAW VIOLATION,3,1
21,LIQUOR LAW VIOLATION,5,1
21,LIQUOR LAW VIOLATION,7,4
21,LIQUOR LAW VIOLATION,9,3
21,LIQUOR LAW VIOLATION,11,3
21,LIQUOR LAW VIOLATION,13,6
21,LIQUOR LAW VIOLATION,14,1
21,LIQUOR LAW VIOLATION,15,3
21,LIQUOR LAW VIOLATION,16,5
21,LIQUOR LAW VIOLATION,17,3
21,LIQUOR LAW VIOLATION,19,4
21,LIQUOR LAW VIOLATION,20,4
21,LIQUOR LAW VIOLATION,21,6
21,LIQUOR LAW VIOLATION,22,1
21,LIQUOR LAW VIOLATION,23,6
21,LIQUOR LAW VIOLATION,24,13
21,LIQUOR LAW VIOLATION,25,3
21,LIQUOR LAW VIOLATION,26,11
21,LIQUOR LAW VIOLATION,27,20
21,LIQUOR LAW VIOLATION,28,11
21,LIQUOR LAW VIOLATION,29,6
21,LIQUOR LAW VIOLATION,30,11
21,LIQUOR LAW VIOLATION,31,13
21,LIQUOR LAW VIOLATION,32,10
21,LIQUOR LAW VIOLATION,33,7
21,LIQUOR LAW VIOLATION,34,17
21,LIQUOR LAW VIOLATION,35,10
21,LIQUOR LAW VIOLATION,36,11
21,LIQUOR LAW VIOLATION,37,10
21,LIQUOR LAW VIOLATION,38,17
21,LIQUOR LAW VIOLATION,39,7
21,LIQUOR LAW VIOLATION,40,14
21,LIQUOR LAW VIOLATION,41,6
21,LIQUOR LAW VIOLATION,42,9
21,LIQUOR LAW VIOLATION,43,3
21,LIQUOR LAW VIOLATION,44,9
21,LIQUOR LAW VIOLATION,45,17
21,LIQUOR LAW VIOLATION,46,7
21,LIQUOR LAW VIOLATION,47,13
21,LIQUOR LAW VIOLATION,48,9
21,LIQUOR LAW VIOLATION,49,12
21,LIQUOR LAW VIOLATION,50,9
21,LIQUOR LAW VIOLATION,51,8
21,LIQUOR LAW VIOLATION,52,7
21,LIQUOR LAW VIOLATION,53,8
21,LIQUOR LAW VIOLATION,54,10
21,LIQUOR LAW VIOLATION,55,13
21,LIQUOR LAW VIOLATION,56,9
21,LIQUOR LAW VIOLATION,57,18
21,LIQUOR LAW VIOLATION,58,5
21,LIQUOR LAW VIOLATION,59,8
21,LIQUOR LAW VIOLATION,60,11
21,LIQUOR LAW VIOLATION,61,10
21,LIQUOR LAW VIOLATION,62,13
21,LIQUOR LAW VIOLATION,63,20
21,LIQUOR LAW VIOLATION,64,22
21,LIQUOR LAW VIOLATION,65,10
21,LIQUOR LAW VIOLATION,66,9
21,LIQUOR LAW VIOLATION,67,9
21,LIQUOR LAW VIOLATION,68,22
21,LIQUOR LAW VIOLATION,69,17
21,LIQUOR LAW VIOLATION,70,25
21,LIQUOR LAW VIOLATION,71,12
21,LIQUOR LAW VIOLATION,72,13
21,LIQUOR LAW VIOLATION,73,14
21,LIQUOR LAW VIOLATION,74,15
21,LIQUOR LAW VIOLATION,75,9
21,LIQUOR LAW VIOLATION,76,10
21,LIQUOR LAW VIOLATION,77,18
21,LIQUOR LAW VIOLATION,78,12
21,LIQUOR LAW VIOLATION,79,10
21,LIQUOR LAW VIOLATION,80,10
21,LIQUOR LAW VIOLATION,81,7
21,LIQUOR LAW VIOLATION,82,7
21,LIQUOR LAW VIOLATION,83,6
21,LIQUOR LAW VIOLATION,84,2
21,LIQUOR LAW VIOLATION,85,2
21,LIQUOR LAW VIOLATION,86,8
21,LIQUOR LAW VIOLATION,87,1
21,LIQUOR LAW VIOLATION,88,2
21,LIQUOR LAW VIOLATION,89,2
21,LIQUOR LAW VIOLATION,91,2
22,OTHER OFFENSE,-10,1
22,OTHER OFFENSE,-9,2
22,OTHER OFFENSE,-8,8
22,OTHER OFFENSE,-7,10
22,OTHER OFFENSE,-6,17
22,OTHER OFFENSE,-5,22
22,OTHER OFFENSE,-4,13
22,OTHER OFFENSE,-3,24
22,OTHER OFFENSE,-2,47
22,OTHER OFFENSE,-1,53
22,OTHER OFFENSE,0,79
22,OTHER OFFENSE,1,101
22,OTHER OFFENSE,2,120
22,OTHER OFFENSE,3,132
22,OTHER OFFENSE,4,189
22,OTHER OFFENSE,5,116
22,OTHER OFFENSE,6,142
22,OTHER OFFENSE,7,166
22,OTHER OFFENSE,8,114
22,OTHER OFFENSE,9,144
22,OTHER OFFENSE,10,188
22,OTHER OFFENSE,11,153
22,OTHER OFFENSE,12,182
22,OTHER OFFENSE,13,253
22,OTHER OFFENSE,14,276
22,OTHER OFFENSE,15,205
22,OTHER OFFENSE,16,254
22,OTHER OFFENSE,17,312
22,OTHER OFFENSE,18,331
22,OTHER OFFENSE,19,406
22,OTHER OFFENSE,20,309
22,OTHER OFFENSE,21,339
22,OTHER OFFENSE,22,284
22,OTHER OFFENSE,23,343
22,OTHER OFFENSE,24,484
22,OTHER OFFENSE,25,496
22,OTHER OFFENSE,26,512
22,OTHER OFFENSE,27,591
22,OTHER OFFENSE,28,684
22,OTHER OFFENSE,29,697
22,OTHER OFFENSE,30,898
22,OTHER OFFENSE,31,872
22,OTHER OFFENSE,32,1067
22,OTHER OFFENSE,33,902
22,OTHER OFFENSE,34,914
22,OTHER OFFENSE,35,906
22,OTHER OFFENSE,36,915
22,OTHER OFFENSE,37,932
22,OTHER OFFENSE,38,920
22,OTHER OFFENSE,39,1072
22,OTHER OFFENSE,40,1118
22,OTHER OFFENSE,41,1000
22,OTHER OFFENSE,42,850
22,OTHER OFFENSE,43,959
22,OTHER OFFENSE,44,941
22,OTHER OFFENSE,45,980
22,OTHER OFFENSE,46,879
22,OTHER OFFENSE,47,970
22,OTHER OFFENSE,48,989
22,OTHER OFFENSE,49,797
22,OTHER OFFENSE,50,1032
22,OTHER OFFENSE,51,683
22,OTHER OFFENSE,52,810
22,OTHER OFFENSE,53,793
22,OTHER OFFENSE,54,760
22,OTHER OFFENSE,55,776
22,OTHER OFFENSE,56,853
22,OTHER OFFENSE,57,945
22,OTHER OFFENSE,58,696
22,OTHER OFFENSE,59,861
22,OTHER OFFENSE,60,978
22,OTHER OFFENSE,61,799
22,OTHER OFFENSE,62,940
22,OTHER OFFENSE,63,942
22,OTHER OFFENSE,64,902
22,OTHER OFFENSE,65,1063
22,OTHER OFFENSE,66,964
22,OTHER OFFENSE,67,1088
22,OTHER OFFENSE,68,1143
22,OTHER OFFENSE,69,1068
22,OTHER OFFENSE,70,1214
22,OTHER OFFENSE,71,1122
22,OTHER OFFENSE,72,1191
22,OTHER OFFENSE,73,1133
22,OTHER OFFENSE,74,1166
22,OTHER OFFENSE,75,969
22,OTHER OFFENSE,76,1011
22,OTHER OFFENSE,77,1002
22,OTHER OFFENSE,78,973
22,OTHER OFFENSE,79,883
22,OTHER OFFENSE,80,1019
22,OTHER OFFENSE,81,733
22,OTHER OFFENSE,82,877
22,OTHER OFFENSE,83,484
22,OTHER OFFENSE,84,486
22,OTHER OFFENSE,85,468
22,OTHER OFFENSE,86,378
22,OTHER OFFENSE,87,321
22,OTHER OFFENSE,88,277
22,OTHER OFFENSE,89,192
22,OTHER OFFENSE,90,141
22,OTHER OFFENSE,91,90
22,OTHER OFFENSE,92,58
22,OTHER OFFENSE,93,13
22,OTHER OFFENSE,94,8
22,OTHER OFFENSE,95,2
